,report_date,year,month,Year-Month,family_with_children_shelter
759,2024-12-31,2024,12,2024-12,182
760,2024-12-31,2024,12,2024-12,2376
761,2024-12-31,2024,12,2024-12,1600
762,2024-12-31,2024,12,2024-12,819
763,2024-12-31,2024,12,2024-12,0
764,2024-12-31,2024,12,2024-12,0
765,2024-12-31,2024,12,2024-12,92
766,2024-12-31,2024,12,2024-12,355
767,2024-12-31,2024,12,2024-12,1249
768,2024-12-31,2024,12,2024-12,2143
769,2024-12-31,2024,12,2024-12,1081
770,2024-12-31,2024,12,2024-12,1801
771,2024-12-31,2024,12,2024-12,569
772,2024-12-31,2024,12,2024-12,406
773,2024-12-31,2024,12,2024-12,1550
774,2024-12-31,2024,12,2024-12,543
775,2024-12-31,2024,12,2024-12,0
776,2024-12-31,2024,12,2024-12,803
777,2024-12-31,2024,12,2024-12,1213
778,2024-12-31,2024,12,2024-12,0
779,2024-12-31,2024,12,2024-12,67
780,2024-12-31,2024,12,2024-12,415
781,2024-12-31,2024,12,2024-12,838
782,2024-12-31,2024,12,2024-12,458
783,2024-12-31,2024,12,2024-12,520
784,2024-12-31,2024,12,2024-12,389
785,2024-12-31,2024,12,2024-12,400
786,2024-12-31,2024,12,2024-12,348
787,2024-12-31,2024,12,2024-12,0
788,2024-12-31,2024,12,2024-12,0
789,2024-12-31,2024,12,2024-12,743
790,2024-12-31,2024,12,2024-12,0
791,2024-12-31,2024,12,2024-12,0
792,2024-12-31,2024,12,2024-12,985
793,2024-12-31,2024,12,2024-12,534
794,2024-12-31,2024,12,2024-12,348
795,2024-12-31,2024,12,2024-12,0
796,2024-12-31,2024,12,2024-12,673
797,2024-12-31,2024,12,2024-12,616
798,2024-12-31,2024,12,2024-12,529
799,2024-12-31,2024,12,2024-12,0
800,2024-12-31,2024,12,2024-12,313
801,2024-12-31,2024,12,2024-12,280
802,2024-12-31,2024,12,2024-12,739
803,2024-12-31,2024,12,2024-12,487
804,2024-12-31,2024,12,2024-12,232
805,2024-12-31,2024,12,2024-12,145
806,2024-12-31,2024,12,2024-12,0
807,2024-12-31,2024,12,2024-12,301
808,2024-12-31,2024,12,2024-12,0
809,2024-12-31,2024,12,2024-12,0
810,2024-12-31,2024,12,2024-12,0
811,2024-12-31,2024,12,2024-12,1368
812,2024-12-31,2024,12,2024-12,765
813,2024-12-31,2024,12,2024-12,157
814,2024-12-31,2024,12,2024-12,532
815,2024-12-31,2024,12,2024-12,0
816,2024-12-31,2024,12,2024-12,134
817,2024-12-31,2024,12,2024-12,417
818,2024-12-31,2024,12,2024-12,90
819,2024-11-30,2024,11,2024-11,1243
820,2024-11-30,2024,11,2024-11,0
821,2024-11-30,2024,11,2024-11,790
822,2024-11-30,2024,11,2024-11,1278
823,2024-11-30,2024,11,2024-11,2133
824,2024-11-30,2024,11,2024-11,1099
825,2024-11-30,2024,11,2024-11,1828
826,2024-11-30,2024,11,2024-11,569
827,2024-11-30,2024,11,2024-11,421
828,2024-11-30,2024,11,2024-11,1528
829,2024-11-30,2024,11,2024-11,557
830,2024-11-30,2024,11,2024-11,0
831,2024-11-30,2024,11,2024-11,802
832,2024-11-30,2024,11,2024-11,0
833,2024-11-30,2024,11,2024-11,74
834,2024-11-30,2024,11,2024-11,433
835,2024-11-30,2024,11,2024-11,848
836,2024-11-30,2024,11,2024-11,494
837,2024-11-30,2024,11,2024-11,517
838,2024-11-30,2024,11,2024-11,378
839,2024-11-30,2024,11,2024-11,355
840,2024-11-30,2024,11,2024-11,326
841,2024-11-30,2024,11,2024-11,0
842,2024-11-30,2024,11,2024-11,0
843,2024-11-30,2024,11,2024-11,138
844,2024-11-30,2024,11,2024-11,411
845,2024-11-30,2024,11,2024-11,88
846,2024-11-30,2024,11,2024-11,187
847,2024-11-30,2024,11,2024-11,2402
848,2024-11-30,2024,11,2024-11,1616
849,2024-11-30,2024,11,2024-11,857
850,2024-11-30,2024,11,2024-11,0
851,2024-11-30,2024,11,2024-11,0
852,2024-11-30,2024,11,2024-11,107
853,2024-11-30,2024,11,2024-11,382
854,2024-11-30,2024,11,2024-11,982
855,2024-11-30,2024,11,2024-11,487
856,2024-11-30,2024,11,2024-11,344
857,2024-11-30,2024,11,2024-11,0
858,2024-11-30,2024,11,2024-11,684
859,2024-11-30,2024,11,2024-11,618
860,2024-11-30,2024,11,2024-11,537
861,2024-11-30,2024,11,2024-11,0
862,2024-11-30,2024,11,2024-11,320
863,2024-11-30,2024,11,2024-11,278
864,2024-11-30,2024,11,2024-11,749
865,2024-11-30,2024,11,2024-11,508
866,2024-11-30,2024,11,2024-11,224
867,2024-11-30,2024,11,2024-11,86
868,2024-11-30,2024,11,2024-11,0
869,2024-11-30,2024,11,2024-11,297
870,2024-11-30,2024,11,2024-11,0
871,2024-11-30,2024,11,2024-11,0
872,2024-11-30,2024,11,2024-11,0
873,2024-11-30,2024,11,2024-11,1396
874,2024-11-30,2024,11,2024-11,802
875,2024-11-30,2024,11,2024-11,165
876,2024-11-30,2024,11,2024-11,552
877,2024-11-30,2024,11,2024-11,0
878,2024-11-30,2024,11,2024-11,0
879,2024-10-31,2024,10,2024-10,0
880,2024-10-31,2024,10,2024-10,552
881,2024-10-31,2024,10,2024-10,0
882,2024-10-31,2024,10,2024-10,0
883,2024-10-31,2024,10,2024-10,0
884,2024-10-31,2024,10,2024-10,1241
885,2024-10-31,2024,10,2024-10,1377
886,2024-10-31,2024,10,2024-10,854
887,2024-10-31,2024,10,2024-10,149
888,2024-10-31,2024,10,2024-10,780
889,2024-10-31,2024,10,2024-10,1285
890,2024-10-31,2024,10,2024-10,2222
891,2024-10-31,2024,10,2024-10,1398
892,2024-10-31,2024,10,2024-10,2015
893,2024-10-31,2024,10,2024-10,433
894,2024-10-31,2024,10,2024-10,394
895,2024-10-31,2024,10,2024-10,1535
896,2024-10-31,2024,10,2024-10,566
897,2024-10-31,2024,10,2024-10,0
898,2024-10-31,2024,10,2024-10,805
899,2024-10-31,2024,10,2024-10,0
900,2024-10-31,2024,10,2024-10,75
901,2024-10-31,2024,10,2024-10,429
902,2024-10-31,2024,10,2024-10,831
903,2024-10-31,2024,10,2024-10,513
904,2024-10-31,2024,10,2024-10,559
905,2024-10-31,2024,10,2024-10,387
906,2024-10-31,2024,10,2024-10,374
907,2024-10-31,2024,10,2024-10,330
908,2024-10-31,2024,10,2024-10,0
909,2024-10-31,2024,10,2024-10,0
910,2024-10-31,2024,10,2024-10,142
911,2024-10-31,2024,10,2024-10,424
912,2024-10-31,2024,10,2024-10,90
913,2024-10-31,2024,10,2024-10,194
914,2024-10-31,2024,10,2024-10,2397
915,2024-10-31,2024,10,2024-10,1640
916,2024-10-31,2024,10,2024-10,801
917,2024-10-31,2024,10,2024-10,0
918,2024-10-31,2024,10,2024-10,0
919,2024-10-31,2024,10,2024-10,99
920,2024-10-31,2024,10,2024-10,384
921,2024-10-31,2024,10,2024-10,977
922,2024-10-31,2024,10,2024-10,512
923,2024-10-31,2024,10,2024-10,356
924,2024-10-31,2024,10,2024-10,0
925,2024-10-31,2024,10,2024-10,692
926,2024-10-31,2024,10,2024-10,581
927,2024-10-31,2024,10,2024-10,529
928,2024-10-31,2024,10,2024-10,0
929,2024-10-31,2024,10,2024-10,319
930,2024-10-31,2024,10,2024-10,281
931,2024-10-31,2024,10,2024-10,763
932,2024-10-31,2024,10,2024-10,524
933,2024-10-31,2024,10,2024-10,246
934,2024-10-31,2024,10,2024-10,0
935,2024-10-31,2024,10,2024-10,0
936,2024-10-31,2024,10,2024-10,282
937,2024-10-31,2024,10,2024-10,0
938,2024-10-31,2024,10,2024-10,0
939,2024-09-30,2024,9,2024-09,167
940,2024-09-30,2024,9,2024-09,691
941,2024-09-30,2024,9,2024-09,348
942,2024-09-30,2024,9,2024-09,563
943,2024-09-30,2024,9,2024-09,1003
944,2024-09-30,2024,9,2024-09,387
945,2024-09-30,2024,9,2024-09,107
946,2024-09-30,2024,9,2024-09,0
947,2024-09-30,2024,9,2024-09,0
948,2024-09-30,2024,9,2024-09,828
949,2024-09-30,2024,9,2024-09,1590
950,2024-09-30,2024,9,2024-09,2420
951,2024-09-30,2024,9,2024-09,196
952,2024-09-30,2024,9,2024-09,88
953,2024-09-30,2024,9,2024-09,407
954,2024-09-30,2024,9,2024-09,135
955,2024-09-30,2024,9,2024-09,0
956,2024-09-30,2024,9,2024-09,0
957,2024-09-30,2024,9,2024-09,346
958,2024-09-30,2024,9,2024-09,388
959,2024-09-30,2024,9,2024-09,349
960,2024-09-30,2024,9,2024-09,578
961,2024-09-30,2024,9,2024-09,504
962,2024-09-30,2024,9,2024-09,777
963,2024-09-30,2024,9,2024-09,439
964,2024-09-30,2024,9,2024-09,74
965,2024-09-30,2024,9,2024-09,0
966,2024-09-30,2024,9,2024-09,810
967,2024-09-30,2024,9,2024-09,0
968,2024-09-30,2024,9,2024-09,566
969,2024-09-30,2024,9,2024-09,1518
970,2024-09-30,2024,9,2024-09,380
971,2024-09-30,2024,9,2024-09,408
972,2024-09-30,2024,9,2024-09,1948
973,2024-09-30,2024,9,2024-09,1468
974,2024-09-30,2024,9,2024-09,2169
975,2024-09-30,2024,9,2024-09,1269
976,2024-09-30,2024,9,2024-09,802
977,2024-09-30,2024,9,2024-09,1231
978,2024-09-30,2024,9,2024-09,0
979,2024-09-30,2024,9,2024-09,582
980,2024-09-30,2024,9,2024-09,557
981,2024-09-30,2024,9,2024-09,0
982,2024-09-30,2024,9,2024-09,362
983,2024-09-30,2024,9,2024-09,296
984,2024-09-30,2024,9,2024-09,787
985,2024-09-30,2024,9,2024-09,542
986,2024-09-30,2024,9,2024-09,234
987,2024-09-30,2024,9,2024-09,0
988,2024-09-30,2024,9,2024-09,0
989,2024-09-30,2024,9,2024-09,278
990,2024-09-30,2024,9,2024-09,0
991,2024-09-30,2024,9,2024-09,491
992,2024-09-30,2024,9,2024-09,0
993,2024-09-30,2024,9,2024-09,0
994,2024-09-30,2024,9,2024-09,0
995,2024-09-30,2024,9,2024-09,0
996,2024-09-30,2024,9,2024-09,1389
997,2024-09-30,2024,9,2024-09,0
998,2024-09-30,2024,9,2024-09,836
999,2024-08-31,2024,8,2024-08,331
1000,2024-08-31,2024,8,2024-08,0
1001,2024-08-31,2024,8,2024-08,0
1002,2024-08-31,2024,8,2024-08,709
1003,2024-08-31,2024,8,2024-08,622
1004,2024-08-31,2024,8,2024-08,551
1005,2024-08-31,2024,8,2024-08,0
1006,2024-08-31,2024,8,2024-08,356
1007,2024-08-31,2024,8,2024-08,291
1008,2024-08-31,2024,8,2024-08,744
1009,2024-08-31,2024,8,2024-08,517
1010,2024-08-31,2024,8,2024-08,242
1011,2024-08-31,2024,8,2024-08,0
1012,2024-08-31,2024,8,2024-08,0
1013,2024-08-31,2024,8,2024-08,290
1014,2024-08-31,2024,8,2024-08,0
1015,2024-08-31,2024,8,2024-08,0
1016,2024-08-31,2024,8,2024-08,0
1017,2024-08-31,2024,8,2024-08,1403
1018,2024-08-31,2024,8,2024-08,876
1019,2024-08-31,2024,8,2024-08,166
1020,2024-08-31,2024,8,2024-08,443
1021,2024-08-31,2024,8,2024-08,0
1022,2024-08-31,2024,8,2024-08,1047
1023,2024-08-31,2024,8,2024-08,381
1024,2024-08-31,2024,8,2024-08,111
1025,2024-08-31,2024,8,2024-08,0
1026,2024-08-31,2024,8,2024-08,0
1027,2024-08-31,2024,8,2024-08,860
1028,2024-08-31,2024,8,2024-08,1590
1029,2024-08-31,2024,8,2024-08,2370
1030,2024-08-31,2024,8,2024-08,189
1031,2024-08-31,2024,8,2024-08,92
1032,2024-08-31,2024,8,2024-08,363
1033,2024-08-31,2024,8,2024-08,129
1034,2024-08-31,2024,8,2024-08,0
1035,2024-08-31,2024,8,2024-08,0
1036,2024-08-31,2024,8,2024-08,344
1037,2024-08-31,2024,8,2024-08,384
1038,2024-08-31,2024,8,2024-08,363
1039,2024-08-31,2024,8,2024-08,571
1040,2024-08-31,2024,8,2024-08,524
1041,2024-08-31,2024,8,2024-08,767
1042,2024-08-31,2024,8,2024-08,407
1043,2024-08-31,2024,8,2024-08,75
1044,2024-08-31,2024,8,2024-08,0
1045,2024-08-31,2024,8,2024-08,769
1046,2024-08-31,2024,8,2024-08,0
1047,2024-08-31,2024,8,2024-08,540
1048,2024-08-31,2024,8,2024-08,1568
1049,2024-08-31,2024,8,2024-08,183
1050,2024-08-31,2024,8,2024-08,418
1051,2024-08-31,2024,8,2024-08,1986
1052,2024-08-31,2024,8,2024-08,1562
1053,2024-08-31,2024,8,2024-08,2122
1054,2024-08-31,2024,8,2024-08,1356
1055,2024-08-31,2024,8,2024-08,760
1056,2024-08-31,2024,8,2024-08,1238
1057,2024-08-31,2024,8,2024-08,584
1058,2024-08-31,2024,8,2024-08,0
1059,2024-07-31,2024,7,2024-07,0
1060,2024-07-31,2024,7,2024-07,793
1061,2024-07-31,2024,7,2024-07,169
1062,2024-07-31,2024,7,2024-07,390
1063,2024-07-31,2024,7,2024-07,0
1064,2024-07-31,2024,7,2024-07,0
1065,2024-07-31,2024,7,2024-07,0
1066,2024-07-31,2024,7,2024-07,0
1067,2024-07-31,2024,7,2024-07,1348
1068,2024-07-31,2024,7,2024-07,0
1069,2024-07-31,2024,7,2024-07,1215
1070,2024-07-31,2024,7,2024-07,752
1071,2024-07-31,2024,7,2024-07,1292
1072,2024-07-31,2024,7,2024-07,2124
1073,2024-07-31,2024,7,2024-07,1559
1074,2024-07-31,2024,7,2024-07,2014
1075,2024-07-31,2024,7,2024-07,434
1076,2024-07-31,2024,7,2024-07,180
1077,2024-07-31,2024,7,2024-07,1548
1078,2024-07-31,2024,7,2024-07,561
1079,2024-07-31,2024,7,2024-07,0
1080,2024-07-31,2024,7,2024-07,655
1081,2024-07-31,2024,7,2024-07,0
1082,2024-07-31,2024,7,2024-07,71
1083,2024-07-31,2024,7,2024-07,418
1084,2024-07-31,2024,7,2024-07,782
1085,2024-07-31,2024,7,2024-07,516
1086,2024-07-31,2024,7,2024-07,571
1087,2024-07-31,2024,7,2024-07,332
1088,2024-07-31,2024,7,2024-07,355
1089,2024-07-31,2024,7,2024-07,348
1090,2024-07-31,2024,7,2024-07,0
1091,2024-07-31,2024,7,2024-07,0
1092,2024-07-31,2024,7,2024-07,141
1093,2024-07-31,2024,7,2024-07,363
1094,2024-07-31,2024,7,2024-07,91
1095,2024-07-31,2024,7,2024-07,204
1096,2024-07-31,2024,7,2024-07,2314
1097,2024-07-31,2024,7,2024-07,1596
1098,2024-07-31,2024,7,2024-07,843
1099,2024-07-31,2024,7,2024-07,0
1100,2024-07-31,2024,7,2024-07,0
1101,2024-07-31,2024,7,2024-07,110
1102,2024-07-31,2024,7,2024-07,360
1103,2024-07-31,2024,7,2024-07,1014
1104,2024-07-31,2024,7,2024-07,561
1105,2024-07-31,2024,7,2024-07,346
1106,2024-07-31,2024,7,2024-07,0
1107,2024-07-31,2024,7,2024-07,694
1108,2024-07-31,2024,7,2024-07,592
1109,2024-07-31,2024,7,2024-07,534
1110,2024-07-31,2024,7,2024-07,0
1111,2024-07-31,2024,7,2024-07,344
1112,2024-07-31,2024,7,2024-07,297
1113,2024-07-31,2024,7,2024-07,730
1114,2024-07-31,2024,7,2024-07,510
1115,2024-07-31,2024,7,2024-07,240
1116,2024-07-31,2024,7,2024-07,0
1117,2024-07-31,2024,7,2024-07,0
1118,2024-07-31,2024,7,2024-07,282
1119,2024-06-30,2024,6,2024-06,190
1120,2024-06-30,2024,6,2024-06,842
1121,2024-06-30,2024,6,2024-06,1237
1122,2024-06-30,2024,6,2024-06,0
1123,2024-06-30,2024,6,2024-06,0
1124,2024-06-30,2024,6,2024-06,339
1125,2024-06-30,2024,6,2024-06,167
1126,2024-06-30,2024,6,2024-06,803
1127,2024-06-30,2024,6,2024-06,1333
1128,2024-06-30,2024,6,2024-06,0
1129,2024-06-30,2024,6,2024-06,0
1130,2024-06-30,2024,6,2024-06,0
1131,2024-06-30,2024,6,2024-06,276
1132,2024-06-30,2024,6,2024-06,0
1133,2024-06-30,2024,6,2024-06,0
1134,2024-06-30,2024,6,2024-06,246
1135,2024-06-30,2024,6,2024-06,514
1136,2024-06-30,2024,6,2024-06,743
1137,2024-06-30,2024,6,2024-06,292
1138,2024-06-30,2024,6,2024-06,352
1139,2024-06-30,2024,6,2024-06,0
1140,2024-06-30,2024,6,2024-06,502
1141,2024-06-30,2024,6,2024-06,588
1142,2024-06-30,2024,6,2024-06,690
1143,2024-06-30,2024,6,2024-06,0
1144,2024-06-30,2024,6,2024-06,334
1145,2024-06-30,2024,6,2024-06,512
1146,2024-06-30,2024,6,2024-06,1019
1147,2024-06-30,2024,6,2024-06,354
1148,2024-06-30,2024,6,2024-06,101
1149,2024-06-30,2024,6,2024-06,0
1150,2024-06-30,2024,6,2024-06,0
1151,2024-06-30,2024,6,2024-06,1584
1152,2024-06-30,2024,6,2024-06,2341
1153,2024-06-30,2024,6,2024-06,191
1154,2024-06-30,2024,6,2024-06,89
1155,2024-06-30,2024,6,2024-06,377
1156,2024-06-30,2024,6,2024-06,130
1157,2024-06-30,2024,6,2024-06,0
1158,2024-06-30,2024,6,2024-06,751
1159,2024-06-30,2024,6,2024-06,0
1160,2024-06-30,2024,6,2024-06,318
1161,2024-06-30,2024,6,2024-06,326
1162,2024-06-30,2024,6,2024-06,329
1163,2024-06-30,2024,6,2024-06,545
1164,2024-06-30,2024,6,2024-06,501
1165,2024-06-30,2024,6,2024-06,787
1166,2024-06-30,2024,6,2024-06,421
1167,2024-06-30,2024,6,2024-06,66
1168,2024-06-30,2024,6,2024-06,0
1169,2024-06-30,2024,6,2024-06,528
1170,2024-06-30,2024,6,2024-06,0
1171,2024-06-30,2024,6,2024-06,439
1172,2024-06-30,2024,6,2024-06,2008
1173,2024-06-30,2024,6,2024-06,525
1174,2024-06-30,2024,6,2024-06,1567
1175,2024-06-30,2024,6,2024-06,2115
1176,2024-06-30,2024,6,2024-06,1335
1177,2024-06-30,2024,6,2024-06,0
1178,2024-06-30,2024,6,2024-06,1532
1179,2024-05-31,2024,5,2024-05,0
1180,2024-05-31,2024,5,2024-05,1237
1181,2024-05-31,2024,5,2024-05,1289
1182,2024-05-31,2024,5,2024-05,2120
1183,2024-05-31,2024,5,2024-05,1845
1184,2024-05-31,2024,5,2024-05,1962
1185,2024-05-31,2024,5,2024-05,439
1186,2024-05-31,2024,5,2024-05,185
1187,2024-05-31,2024,5,2024-05,1366
1188,2024-05-31,2024,5,2024-05,525
1189,2024-05-31,2024,5,2024-05,0
1190,2024-05-31,2024,5,2024-05,532
1191,2024-05-31,2024,5,2024-05,0
1192,2024-05-31,2024,5,2024-05,67
1193,2024-05-31,2024,5,2024-05,437
1194,2024-05-31,2024,5,2024-05,784
1195,2024-05-31,2024,5,2024-05,473
1196,2024-05-31,2024,5,2024-05,509
1197,2024-05-31,2024,5,2024-05,330
1198,2024-05-31,2024,5,2024-05,310
1199,2024-05-31,2024,5,2024-05,324
1200,2024-05-31,2024,5,2024-05,0
1201,2024-05-31,2024,5,2024-05,0
1202,2024-05-31,2024,5,2024-05,127
1203,2024-05-31,2024,5,2024-05,365
1204,2024-05-31,2024,5,2024-05,77
1205,2024-05-31,2024,5,2024-05,468
1206,2024-05-31,2024,5,2024-05,2250
1207,2024-05-31,2024,5,2024-05,1546
1208,2024-05-31,2024,5,2024-05,1001
1209,2024-05-31,2024,5,2024-05,0
1210,2024-05-31,2024,5,2024-05,0
1211,2024-05-31,2024,5,2024-05,106
1212,2024-05-31,2024,5,2024-05,357
1213,2024-05-31,2024,5,2024-05,1028
1214,2024-05-31,2024,5,2024-05,503
1215,2024-05-31,2024,5,2024-05,330
1216,2024-05-31,2024,5,2024-05,680
1217,2024-05-31,2024,5,2024-05,589
1218,2024-05-31,2024,5,2024-05,501
1219,2024-05-31,2024,5,2024-05,0
1220,2024-05-31,2024,5,2024-05,665
1221,2024-05-31,2024,5,2024-05,268
1222,2024-05-31,2024,5,2024-05,760
1223,2024-05-31,2024,5,2024-05,507
1224,2024-05-31,2024,5,2024-05,227
1225,2024-05-31,2024,5,2024-05,0
1226,2024-05-31,2024,5,2024-05,0
1227,2024-05-31,2024,5,2024-05,298
1228,2024-05-31,2024,5,2024-05,0
1229,2024-05-31,2024,5,2024-05,0
1230,2024-05-31,2024,5,2024-05,0
1231,2024-05-31,2024,5,2024-05,2149
1232,2024-05-31,2024,5,2024-05,801
1233,2024-05-31,2024,5,2024-05,174
1234,2024-05-31,2024,5,2024-05,327
1235,2024-05-31,2024,5,2024-05,0
1236,2024-05-31,2024,5,2024-05,0
1237,2024-05-31,2024,5,2024-05,0
1238,2024-05-31,2024,5,2024-05,789
1239,2024-04-30,2024,4,2024-04,0
1240,2024-04-30,2024,4,2024-04,0
1241,2024-04-30,2024,4,2024-04,2199
1242,2024-04-30,2024,4,2024-04,817
1243,2024-04-30,2024,4,2024-04,164
1244,2024-04-30,2024,4,2024-04,316
1245,2024-04-30,2024,4,2024-04,0
1246,2024-04-30,2024,4,2024-04,0
1247,2024-04-30,2024,4,2024-04,0
1248,2024-04-30,2024,4,2024-04,135
1249,2024-04-30,2024,4,2024-04,1239
1250,2024-04-30,2024,4,2024-04,795
1251,2024-04-30,2024,4,2024-04,1275
1252,2024-04-30,2024,4,2024-04,2134
1253,2024-04-30,2024,4,2024-04,1856
1254,2024-04-30,2024,4,2024-04,1988
1255,2024-04-30,2024,4,2024-04,438
1256,2024-04-30,2024,4,2024-04,203
1257,2024-04-30,2024,4,2024-04,1279
1258,2024-04-30,2024,4,2024-04,533
1259,2024-04-30,2024,4,2024-04,0
1260,2024-04-30,2024,4,2024-04,556
1261,2024-04-30,2024,4,2024-04,0
1262,2024-04-30,2024,4,2024-04,72
1263,2024-04-30,2024,4,2024-04,439
1264,2024-04-30,2024,4,2024-04,801
1265,2024-04-30,2024,4,2024-04,513
1266,2024-04-30,2024,4,2024-04,519
1267,2024-04-30,2024,4,2024-04,331
1268,2024-04-30,2024,4,2024-04,313
1269,2024-04-30,2024,4,2024-04,341
1270,2024-04-30,2024,4,2024-04,0
1271,2024-04-30,2024,4,2024-04,0
1272,2024-04-30,2024,4,2024-04,396
1273,2024-04-30,2024,4,2024-04,74
1274,2024-04-30,2024,4,2024-04,471
1275,2024-04-30,2024,4,2024-04,2331
1276,2024-04-30,2024,4,2024-04,1564
1277,2024-04-30,2024,4,2024-04,1005
1278,2024-04-30,2024,4,2024-04,0
1279,2024-04-30,2024,4,2024-04,0
1280,2024-04-30,2024,4,2024-04,99
1281,2024-04-30,2024,4,2024-04,357
1282,2024-04-30,2024,4,2024-04,1035
1283,2024-04-30,2024,4,2024-04,532
1284,2024-04-30,2024,4,2024-04,347
1285,2024-04-30,2024,4,2024-04,0
1286,2024-04-30,2024,4,2024-04,707
1287,2024-04-30,2024,4,2024-04,578
1288,2024-04-30,2024,4,2024-04,508
1289,2024-04-30,2024,4,2024-04,0
1290,2024-04-30,2024,4,2024-04,709
1291,2024-04-30,2024,4,2024-04,300
1292,2024-04-30,2024,4,2024-04,790
1293,2024-04-30,2024,4,2024-04,541
1294,2024-04-30,2024,4,2024-04,228
1295,2024-04-30,2024,4,2024-04,0
1296,2024-04-30,2024,4,2024-04,0
1297,2024-04-30,2024,4,2024-04,294
1298,2024-04-30,2024,4,2024-04,0
1299,2024-03-31,2024,3,2024-03,0
1300,2024-03-31,2024,3,2024-03,837
1301,2024-03-31,2024,3,2024-03,172
1302,2024-03-31,2024,3,2024-03,286
1303,2024-03-31,2024,3,2024-03,0
1304,2024-03-31,2024,3,2024-03,0
1305,2024-03-31,2024,3,2024-03,0
1306,2024-03-31,2024,3,2024-03,1336
1307,2024-03-31,2024,3,2024-03,1206
1308,2024-03-31,2024,3,2024-03,0
1309,2024-03-31,2024,3,2024-03,0
1310,2024-03-31,2024,3,2024-03,0
1311,2024-03-31,2024,3,2024-03,304
1312,2024-03-31,2024,3,2024-03,0
1313,2024-03-31,2024,3,2024-03,0
1314,2024-03-31,2024,3,2024-03,834
1315,2024-03-31,2024,3,2024-03,255
1316,2024-03-31,2024,3,2024-03,521
1317,2024-03-31,2024,3,2024-03,821
1318,2024-03-31,2024,3,2024-03,288
1319,2024-03-31,2024,3,2024-03,727
1320,2024-03-31,2024,3,2024-03,0
1321,2024-03-31,2024,3,2024-03,512
1322,2024-03-31,2024,3,2024-03,569
1323,2024-03-31,2024,3,2024-03,747
1324,2024-03-31,2024,3,2024-03,0
1325,2024-03-31,2024,3,2024-03,526
1326,2024-03-31,2024,3,2024-03,507
1327,2024-03-31,2024,3,2024-03,1006
1328,2024-03-31,2024,3,2024-03,368
1329,2024-03-31,2024,3,2024-03,105
1330,2024-03-31,2024,3,2024-03,0
1331,2024-03-31,2024,3,2024-03,0
1332,2024-03-31,2024,3,2024-03,1005
1333,2024-03-31,2024,3,2024-03,1565
1334,2024-03-31,2024,3,2024-03,2365
1335,2024-03-31,2024,3,2024-03,469
1336,2024-03-31,2024,3,2024-03,84
1337,2024-03-31,2024,3,2024-03,405
1338,2024-03-31,2024,3,2024-03,132
1339,2024-03-31,2024,3,2024-03,0
1340,2024-03-31,2024,3,2024-03,0
1341,2024-03-31,2024,3,2024-03,361
1342,2024-03-31,2024,3,2024-03,314
1343,2024-03-31,2024,3,2024-03,333
1344,2024-03-31,2024,3,2024-03,528
1345,2024-03-31,2024,3,2024-03,516
1346,2024-03-31,2024,3,2024-03,794
1347,2024-03-31,2024,3,2024-03,424
1348,2024-03-31,2024,3,2024-03,69
1349,2024-03-31,2024,3,2024-03,0
1350,2024-03-31,2024,3,2024-03,559
1351,2024-03-31,2024,3,2024-03,2245
1352,2024-03-31,2024,3,2024-03,536
1353,2024-03-31,2024,3,2024-03,1173
1354,2024-03-31,2024,3,2024-03,213
1355,2024-03-31,2024,3,2024-03,441
1356,2024-03-31,2024,3,2024-03,1985
1357,2024-03-31,2024,3,2024-03,1833
1358,2024-03-31,2024,3,2024-03,2149
1359,2024-02-29,2024,2,2024-02,0
1360,2024-02-29,2024,2,2024-02,0
1361,2024-02-29,2024,2,2024-02,0
1362,2024-02-29,2024,2,2024-02,285
1363,2024-02-29,2024,2,2024-02,176
1364,2024-02-29,2024,2,2024-02,847
1365,2024-02-29,2024,2,2024-02,2246
1366,2024-02-29,2024,2,2024-02,0
1367,2024-02-29,2024,2,2024-02,0
1368,2024-02-29,2024,2,2024-02,0
1369,2024-02-29,2024,2,2024-02,313
1370,2024-02-29,2024,2,2024-02,0
1371,2024-02-29,2024,2,2024-02,0
1372,2024-02-29,2024,2,2024-02,259
1373,2024-02-29,2024,2,2024-02,857
1374,2024-02-29,2024,2,2024-02,312
1375,2024-02-29,2024,2,2024-02,725
1376,2024-02-29,2024,2,2024-02,0
1377,2024-02-29,2024,2,2024-02,509
1378,2024-02-29,2024,2,2024-02,565
1379,2024-02-29,2024,2,2024-02,737
1380,2024-02-29,2024,2,2024-02,0
1381,2024-02-29,2024,2,2024-02,532
1382,2024-02-29,2024,2,2024-02,449
1383,2024-02-29,2024,2,2024-02,1014
1384,2024-02-29,2024,2,2024-02,379
1385,2024-02-29,2024,2,2024-02,110
1386,2024-02-29,2024,2,2024-02,0
1387,2024-02-29,2024,2,2024-02,0
1388,2024-02-29,2024,2,2024-02,1015
1389,2024-02-29,2024,2,2024-02,1547
1390,2024-02-29,2024,2,2024-02,2455
1391,2024-02-29,2024,2,2024-02,499
1392,2024-02-29,2024,2,2024-02,88
1393,2024-02-29,2024,2,2024-02,429
1394,2024-02-29,2024,2,2024-02,142
1395,2024-02-29,2024,2,2024-02,0
1396,2024-02-29,2024,2,2024-02,0
1397,2024-02-29,2024,2,2024-02,358
1398,2024-02-29,2024,2,2024-02,337
1399,2024-02-29,2024,2,2024-02,350
1400,2024-02-29,2024,2,2024-02,537
1401,2024-02-29,2024,2,2024-02,522
1402,2024-02-29,2024,2,2024-02,777
1403,2024-02-29,2024,2,2024-02,416
1404,2024-02-29,2024,2,2024-02,75
1405,2024-02-29,2024,2,2024-02,0
1406,2024-02-29,2024,2,2024-02,567
1407,2024-02-29,2024,2,2024-02,0
1408,2024-02-29,2024,2,2024-02,500
1409,2024-02-29,2024,2,2024-02,1166
1410,2024-02-29,2024,2,2024-02,204
1411,2024-02-29,2024,2,2024-02,457
1412,2024-02-29,2024,2,2024-02,2034
1413,2024-02-29,2024,2,2024-02,1845
1414,2024-02-29,2024,2,2024-02,2167
1415,2024-02-29,2024,2,2024-02,1383
1416,2024-02-29,2024,2,2024-02,835
1417,2024-02-29,2024,2,2024-02,1245
1418,2024-02-29,2024,2,2024-02,525
1419,2024-01-31,2024,1,2024-01,430
1420,2024-01-31,2024,1,2024-01,744
1421,2024-01-31,2024,1,2024-01,1268
1422,2024-01-31,2024,1,2024-01,848
1423,2024-01-31,2024,1,2024-01,1342
1424,2024-01-31,2024,1,2024-01,2169
1425,2024-01-31,2024,1,2024-01,1883
1426,2024-01-31,2024,1,2024-01,2080
1427,2024-01-31,2024,1,2024-01,451
1428,2024-01-31,2024,1,2024-01,200
1429,2024-01-31,2024,1,2024-01,1166
1430,2024-01-31,2024,1,2024-01,566
1431,2024-01-31,2024,1,2024-01,0
1432,2024-01-31,2024,1,2024-01,545
1433,2024-01-31,2024,1,2024-01,0
1434,2024-01-31,2024,1,2024-01,68
1435,2024-01-31,2024,1,2024-01,390
1436,2024-01-31,2024,1,2024-01,812
1437,2024-01-31,2024,1,2024-01,537
1438,2024-01-31,2024,1,2024-01,560
1439,2024-01-31,2024,1,2024-01,348
1440,2024-01-31,2024,1,2024-01,351
1441,2024-01-31,2024,1,2024-01,357
1442,2024-01-31,2024,1,2024-01,0
1443,2024-01-31,2024,1,2024-01,0
1444,2024-01-31,2024,1,2024-01,144
1445,2024-01-31,2024,1,2024-01,86
1446,2024-01-31,2024,1,2024-01,499
1447,2024-01-31,2024,1,2024-01,2394
1448,2024-01-31,2024,1,2024-01,1564
1449,2024-01-31,2024,1,2024-01,989
1450,2024-01-31,2024,1,2024-01,0
1451,2024-01-31,2024,1,2024-01,0
1452,2024-01-31,2024,1,2024-01,110
1453,2024-01-31,2024,1,2024-01,389
1454,2024-01-31,2024,1,2024-01,1035
1455,2024-01-31,2024,1,2024-01,407
1456,2024-01-31,2024,1,2024-01,536
1457,2024-01-31,2024,1,2024-01,0
1458,2024-01-31,2024,1,2024-01,581
1459,2024-01-31,2024,1,2024-01,526
1460,2024-01-31,2024,1,2024-01,0
1461,2024-01-31,2024,1,2024-01,739
1462,2024-01-31,2024,1,2024-01,303
1463,2024-01-31,2024,1,2024-01,850
1464,2024-01-31,2024,1,2024-01,536
1465,2024-01-31,2024,1,2024-01,262
1466,2024-01-31,2024,1,2024-01,0
1467,2024-01-31,2024,1,2024-01,0
1468,2024-01-31,2024,1,2024-01,304
1469,2024-01-31,2024,1,2024-01,0
1470,2024-01-31,2024,1,2024-01,0
1471,2024-01-31,2024,1,2024-01,0
1472,2024-01-31,2024,1,2024-01,2285
1473,2024-01-31,2024,1,2024-01,853
1474,2024-01-31,2024,1,2024-01,172
1475,2024-01-31,2024,1,2024-01,238
1476,2024-01-31,2024,1,2024-01,0
1477,2024-01-31,2024,1,2024-01,0
1478,2024-01-31,2024,1,2024-01,0
1479,2023-12-31,2023,12,2023-12,576
1480,2023-12-31,2023,12,2023-12,854
1481,2023-12-31,2023,12,2023-12,1140
1482,2023-12-31,2023,12,2023-12,1249
1483,2023-12-31,2023,12,2023-12,1334
1484,2023-12-31,2023,12,2023-12,2198
1485,2023-12-31,2023,12,2023-12,1897
1486,2023-12-31,2023,12,2023-12,2044
1487,2023-12-31,2023,12,2023-12,456
1488,2023-12-31,2023,12,2023-12,192
1489,2023-12-31,2023,12,2023-12,0
1490,2023-12-31,2023,12,2023-12,0
1491,2023-12-31,2023,12,2023-12,281
1492,2023-12-31,2023,12,2023-12,0
1493,2023-12-31,2023,12,2023-12,0
1494,2023-12-31,2023,12,2023-12,261
1495,2023-12-31,2023,12,2023-12,550
1496,2023-12-31,2023,12,2023-12,866
1497,2023-12-31,2023,12,2023-12,285
1498,2023-12-31,2023,12,2023-12,947
1499,2023-12-31,2023,12,2023-12,0
1500,2023-12-31,2023,12,2023-12,563
1501,2023-12-31,2023,12,2023-12,575
1502,2023-12-31,2023,12,2023-12,764
1503,2023-12-31,2023,12,2023-12,0
1504,2023-12-31,2023,12,2023-12,818
1505,2023-12-31,2023,12,2023-12,367
1506,2023-12-31,2023,12,2023-12,1086
1507,2023-12-31,2023,12,2023-12,381
1508,2023-12-31,2023,12,2023-12,205
1509,2023-12-31,2023,12,2023-12,0
1510,2023-12-31,2023,12,2023-12,0
1511,2023-12-31,2023,12,2023-12,1007
1512,2023-12-31,2023,12,2023-12,1511
1513,2023-12-31,2023,12,2023-12,2324
1514,2023-12-31,2023,12,2023-12,496
1515,2023-12-31,2023,12,2023-12,92
1516,2023-12-31,2023,12,2023-12,442
1517,2023-12-31,2023,12,2023-12,141
1518,2023-12-31,2023,12,2023-12,0
1519,2023-12-31,2023,12,2023-12,0
1520,2023-12-31,2023,12,2023-12,351
1521,2023-12-31,2023,12,2023-12,501
1522,2023-12-31,2023,12,2023-12,354
1523,2023-12-31,2023,12,2023-12,565
1524,2023-12-31,2023,12,2023-12,518
1525,2023-12-31,2023,12,2023-12,792
1526,2023-12-31,2023,12,2023-12,397
1527,2023-12-31,2023,12,2023-12,73
1528,2023-12-31,2023,12,2023-12,0
1529,2023-12-31,2023,12,2023-12,648
1530,2023-12-31,2023,12,2023-12,0
1531,2023-12-31,2023,12,2023-12,0
1532,2023-12-31,2023,12,2023-12,0
1533,2023-12-31,2023,12,2023-12,213
1534,2023-12-31,2023,12,2023-12,169
1535,2023-12-31,2023,12,2023-12,864
1536,2023-12-31,2023,12,2023-12,2019
1537,2023-12-31,2023,12,2023-12,0
1538,2023-12-31,2023,12,2023-12,0
1539,2023-11-30,2023,11,2023-11,323
1540,2023-11-30,2023,11,2023-11,0
1541,2023-11-30,2023,11,2023-11,0
1542,2023-11-30,2023,11,2023-11,0
1543,2023-11-30,2023,11,2023-11,0
1544,2023-11-30,2023,11,2023-11,150
1545,2023-11-30,2023,11,2023-11,177
1546,2023-11-30,2023,11,2023-11,866
1547,2023-11-30,2023,11,2023-11,1523
1548,2023-11-30,2023,11,2023-11,0
1549,2023-11-30,2023,11,2023-11,1196
1550,2023-11-30,2023,11,2023-11,869
1551,2023-11-30,2023,11,2023-11,1241
1552,2023-11-30,2023,11,2023-11,1333
1553,2023-11-30,2023,11,2023-11,2198
1554,2023-11-30,2023,11,2023-11,1866
1555,2023-11-30,2023,11,2023-11,2042
1556,2023-11-30,2023,11,2023-11,476
1557,2023-11-30,2023,11,2023-11,202
1558,2023-11-30,2023,11,2023-11,580
1559,2023-11-30,2023,11,2023-11,0
1560,2023-11-30,2023,11,2023-11,627
1561,2023-11-30,2023,11,2023-11,0
1562,2023-11-30,2023,11,2023-11,70
1563,2023-11-30,2023,11,2023-11,417
1564,2023-11-30,2023,11,2023-11,805
1565,2023-11-30,2023,11,2023-11,544
1566,2023-11-30,2023,11,2023-11,575
1567,2023-11-30,2023,11,2023-11,364
1568,2023-11-30,2023,11,2023-11,520
1569,2023-11-30,2023,11,2023-11,375
1570,2023-11-30,2023,11,2023-11,0
1571,2023-11-30,2023,11,2023-11,0
1572,2023-11-30,2023,11,2023-11,133
1573,2023-11-30,2023,11,2023-11,439
1574,2023-11-30,2023,11,2023-11,83
1575,2023-11-30,2023,11,2023-11,519
1576,2023-11-30,2023,11,2023-11,2392
1577,2023-11-30,2023,11,2023-11,1419
1578,2023-11-30,2023,11,2023-11,995
1579,2023-11-30,2023,11,2023-11,0
1580,2023-11-30,2023,11,2023-11,0
1581,2023-11-30,2023,11,2023-11,220
1582,2023-11-30,2023,11,2023-11,368
1583,2023-11-30,2023,11,2023-11,1116
1584,2023-11-30,2023,11,2023-11,868
1585,2023-11-30,2023,11,2023-11,0
1586,2023-11-30,2023,11,2023-11,750
1587,2023-11-30,2023,11,2023-11,600
1588,2023-11-30,2023,11,2023-11,560
1589,2023-11-30,2023,11,2023-11,0
1590,2023-11-30,2023,11,2023-11,982
1591,2023-11-30,2023,11,2023-11,293
1592,2023-11-30,2023,11,2023-11,863
1593,2023-11-30,2023,11,2023-11,544
1594,2023-11-30,2023,11,2023-11,265
1595,2023-11-30,2023,11,2023-11,0
1596,2023-11-30,2023,11,2023-11,0
1597,2023-11-30,2023,11,2023-11,307
1598,2023-11-30,2023,11,2023-11,0
1599,2023-10-31,2023,10,2023-10,211
1600,2023-10-31,2023,10,2023-10,489
1601,2023-10-31,2023,10,2023-10,1422
1602,2023-10-31,2023,10,2023-10,2076
1603,2023-10-31,2023,10,2023-10,1907
1604,2023-10-31,2023,10,2023-10,2214
1605,2023-10-31,2023,10,2023-10,1286
1606,2023-10-31,2023,10,2023-10,882
1607,2023-10-31,2023,10,2023-10,1270
1608,2023-10-31,2023,10,2023-10,0
1609,2023-10-31,2023,10,2023-10,856
1610,2023-10-31,2023,10,2023-10,177
1611,2023-10-31,2023,10,2023-10,153
1612,2023-10-31,2023,10,2023-10,0
1613,2023-10-31,2023,10,2023-10,0
1614,2023-10-31,2023,10,2023-10,0
1615,2023-10-31,2023,10,2023-10,302
1616,2023-10-31,2023,10,2023-10,0
1617,2023-10-31,2023,10,2023-10,0
1618,2023-10-31,2023,10,2023-10,274
1619,2023-10-31,2023,10,2023-10,540
1620,2023-10-31,2023,10,2023-10,871
1621,2023-10-31,2023,10,2023-10,0
1622,2023-10-31,2023,10,2023-10,304
1623,2023-10-31,2023,10,2023-10,972
1624,2023-10-31,2023,10,2023-10,0
1625,2023-10-31,2023,10,2023-10,575
1626,2023-10-31,2023,10,2023-10,602
1627,2023-10-31,2023,10,2023-10,777
1628,2023-10-31,2023,10,2023-10,0
1629,2023-10-31,2023,10,2023-10,847
1630,2023-10-31,2023,10,2023-10,337
1631,2023-10-31,2023,10,2023-10,1113
1632,2023-10-31,2023,10,2023-10,359
1633,2023-10-31,2023,10,2023-10,218
1634,2023-10-31,2023,10,2023-10,0
1635,2023-10-31,2023,10,2023-10,0
1636,2023-10-31,2023,10,2023-10,989
1637,2023-10-31,2023,10,2023-10,1289
1638,2023-10-31,2023,10,2023-10,2472
1639,2023-10-31,2023,10,2023-10,529
1640,2023-10-31,2023,10,2023-10,91
1641,2023-10-31,2023,10,2023-10,447
1642,2023-10-31,2023,10,2023-10,0
1643,2023-10-31,2023,10,2023-10,143
1644,2023-10-31,2023,10,2023-10,0
1645,2023-10-31,2023,10,2023-10,0
1646,2023-10-31,2023,10,2023-10,395
1647,2023-10-31,2023,10,2023-10,516
1648,2023-10-31,2023,10,2023-10,359
1649,2023-10-31,2023,10,2023-10,554
1650,2023-10-31,2023,10,2023-10,545
1651,2023-10-31,2023,10,2023-10,0
1652,2023-10-31,2023,10,2023-10,824
1653,2023-10-31,2023,10,2023-10,422
1654,2023-10-31,2023,10,2023-10,78
1655,2023-10-31,2023,10,2023-10,0
1656,2023-10-31,2023,10,2023-10,632
1657,2023-10-31,2023,10,2023-10,585
1658,2023-10-31,2023,10,2023-10,1211
1659,2023-09-30,2023,9,2023-09,0
1660,2023-09-30,2023,9,2023-09,0
1661,2023-09-30,2023,9,2023-09,0
1662,2023-09-30,2023,9,2023-09,0
1663,2023-09-30,2023,9,2023-09,0
1664,2023-09-30,2023,9,2023-09,132
1665,2023-09-30,2023,9,2023-09,175
1666,2023-09-30,2023,9,2023-09,854
1667,2023-09-30,2023,9,2023-09,1390
1668,2023-09-30,2023,9,2023-09,0
1669,2023-09-30,2023,9,2023-09,0
1670,2023-09-30,2023,9,2023-09,0
1671,2023-09-30,2023,9,2023-09,296
1672,2023-09-30,2023,9,2023-09,0
1673,2023-09-30,2023,9,2023-09,276
1674,2023-09-30,2023,9,2023-09,551
1675,2023-09-30,2023,9,2023-09,877
1676,2023-09-30,2023,9,2023-09,279
1677,2023-09-30,2023,9,2023-09,961
1678,2023-09-30,2023,9,2023-09,0
1679,2023-09-30,2023,9,2023-09,564
1680,2023-09-30,2023,9,2023-09,612
1681,2023-09-30,2023,9,2023-09,774
1682,2023-09-30,2023,9,2023-09,0
1683,2023-09-30,2023,9,2023-09,787
1684,2023-09-30,2023,9,2023-09,0
1685,2023-09-30,2023,9,2023-09,1106
1686,2023-09-30,2023,9,2023-09,372
1687,2023-09-30,2023,9,2023-09,256
1688,2023-09-30,2023,9,2023-09,0
1689,2023-09-30,2023,9,2023-09,0
1690,2023-09-30,2023,9,2023-09,1013
1691,2023-09-30,2023,9,2023-09,1147
1692,2023-09-30,2023,9,2023-09,2532
1693,2023-09-30,2023,9,2023-09,347
1694,2023-09-30,2023,9,2023-09,92
1695,2023-09-30,2023,9,2023-09,459
1696,2023-09-30,2023,9,2023-09,140
1697,2023-09-30,2023,9,2023-09,0
1698,2023-09-30,2023,9,2023-09,0
1699,2023-09-30,2023,9,2023-09,408
1700,2023-09-30,2023,9,2023-09,535
1701,2023-09-30,2023,9,2023-09,383
1702,2023-09-30,2023,9,2023-09,565
1703,2023-09-30,2023,9,2023-09,553
1704,2023-09-30,2023,9,2023-09,841
1705,2023-09-30,2023,9,2023-09,423
1706,2023-09-30,2023,9,2023-09,73
1707,2023-09-30,2023,9,2023-09,649
1708,2023-09-30,2023,9,2023-09,0
1709,2023-09-30,2023,9,2023-09,597
1710,2023-09-30,2023,9,2023-09,1240
1711,2023-09-30,2023,9,2023-09,216
1712,2023-09-30,2023,9,2023-09,493
1713,2023-09-30,2023,9,2023-09,2115
1714,2023-09-30,2023,9,2023-09,1770
1715,2023-09-30,2023,9,2023-09,2226
1716,2023-09-30,2023,9,2023-09,1298
1717,2023-09-30,2023,9,2023-09,885
1718,2023-09-30,2023,9,2023-09,1271
1719,2023-08-31,2023,8,2023-08,1245
1720,2023-08-31,2023,8,2023-08,1750
1721,2023-08-31,2023,8,2023-08,2186
1722,2023-08-31,2023,8,2023-08,1246
1723,2023-08-31,2023,8,2023-08,878
1724,2023-08-31,2023,8,2023-08,1257
1725,2023-08-31,2023,8,2023-08,222
1726,2023-08-31,2023,8,2023-08,488
1727,2023-08-31,2023,8,2023-08,2089
1728,2023-08-31,2023,8,2023-08,335
1729,2023-08-31,2023,8,2023-08,0
1730,2023-08-31,2023,8,2023-08,0
1731,2023-08-31,2023,8,2023-08,0
1732,2023-08-31,2023,8,2023-08,151
1733,2023-08-31,2023,8,2023-08,178
1734,2023-08-31,2023,8,2023-08,854
1735,2023-08-31,2023,8,2023-08,1414
1736,2023-08-31,2023,8,2023-08,0
1737,2023-08-31,2023,8,2023-08,0
1738,2023-08-31,2023,8,2023-08,0
1739,2023-08-31,2023,8,2023-08,302
1740,2023-08-31,2023,8,2023-08,0
1741,2023-08-31,2023,8,2023-08,0
1742,2023-08-31,2023,8,2023-08,286
1743,2023-08-31,2023,8,2023-08,552
1744,2023-08-31,2023,8,2023-08,899
1745,2023-08-31,2023,8,2023-08,297
1746,2023-08-31,2023,8,2023-08,928
1747,2023-08-31,2023,8,2023-08,0
1748,2023-08-31,2023,8,2023-08,555
1749,2023-08-31,2023,8,2023-08,613
1750,2023-08-31,2023,8,2023-08,754
1751,2023-08-31,2023,8,2023-08,0
1752,2023-08-31,2023,8,2023-08,812
1753,2023-08-31,2023,8,2023-08,0
1754,2023-08-31,2023,8,2023-08,1039
1755,2023-08-31,2023,8,2023-08,350
1756,2023-08-31,2023,8,2023-08,305
1757,2023-08-31,2023,8,2023-08,0
1758,2023-08-31,2023,8,2023-08,0
1759,2023-08-31,2023,8,2023-08,985
1760,2023-08-31,2023,8,2023-08,1122
1761,2023-08-31,2023,8,2023-08,2580
1762,2023-08-31,2023,8,2023-08,88
1763,2023-08-31,2023,8,2023-08,452
1764,2023-08-31,2023,8,2023-08,144
1765,2023-08-31,2023,8,2023-08,0
1766,2023-08-31,2023,8,2023-08,0
1767,2023-08-31,2023,8,2023-08,422
1768,2023-08-31,2023,8,2023-08,508
1769,2023-08-31,2023,8,2023-08,373
1770,2023-08-31,2023,8,2023-08,573
1771,2023-08-31,2023,8,2023-08,554
1772,2023-08-31,2023,8,2023-08,824
1773,2023-08-31,2023,8,2023-08,348
1774,2023-08-31,2023,8,2023-08,75
1775,2023-08-31,2023,8,2023-08,0
1776,2023-08-31,2023,8,2023-08,527
1777,2023-08-31,2023,8,2023-08,0
1778,2023-08-31,2023,8,2023-08,591
1779,2023-07-31,2023,7,2023-07,1161
1780,2023-07-31,2023,7,2023-07,1384
1781,2023-07-31,2023,7,2023-07,0
1782,2023-07-31,2023,7,2023-07,0
1783,2023-07-31,2023,7,2023-07,0
1784,2023-07-31,2023,7,2023-07,291
1785,2023-07-31,2023,7,2023-07,0
1786,2023-07-31,2023,7,2023-07,0
1787,2023-07-31,2023,7,2023-07,287
1788,2023-07-31,2023,7,2023-07,551
1789,2023-07-31,2023,7,2023-07,882
1790,2023-07-31,2023,7,2023-07,281
1791,2023-07-31,2023,7,2023-07,597
1792,2023-07-31,2023,7,2023-07,0
1793,2023-07-31,2023,7,2023-07,535
1794,2023-07-31,2023,7,2023-07,619
1795,2023-07-31,2023,7,2023-07,772
1796,2023-07-31,2023,7,2023-07,0
1797,2023-07-31,2023,7,2023-07,838
1798,2023-07-31,2023,7,2023-07,0
1799,2023-07-31,2023,7,2023-07,369
1800,2023-07-31,2023,7,2023-07,337
1801,2023-07-31,2023,7,2023-07,206
1802,2023-07-31,2023,7,2023-07,0
1803,2023-07-31,2023,7,2023-07,0
1804,2023-07-31,2023,7,2023-07,993
1805,2023-07-31,2023,7,2023-07,1098
1806,2023-07-31,2023,7,2023-07,2570
1807,2023-07-31,2023,7,2023-07,346
1808,2023-07-31,2023,7,2023-07,86
1809,2023-07-31,2023,7,2023-07,457
1810,2023-07-31,2023,7,2023-07,140
1811,2023-07-31,2023,7,2023-07,0
1812,2023-07-31,2023,7,2023-07,0
1813,2023-07-31,2023,7,2023-07,398
1814,2023-07-31,2023,7,2023-07,388
1815,2023-07-31,2023,7,2023-07,379
1816,2023-07-31,2023,7,2023-07,564
1817,2023-07-31,2023,7,2023-07,557
1818,2023-07-31,2023,7,2023-07,823
1819,2023-07-31,2023,7,2023-07,427
1820,2023-07-31,2023,7,2023-07,79
1821,2023-07-31,2023,7,2023-07,0
1822,2023-07-31,2023,7,2023-07,427
1823,2023-07-31,2023,7,2023-07,0
1824,2023-07-31,2023,7,2023-07,143
1825,2023-07-31,2023,7,2023-07,580
1826,2023-07-31,2023,7,2023-07,1227
1827,2023-07-31,2023,7,2023-07,216
1828,2023-07-31,2023,7,2023-07,474
1829,2023-07-31,2023,7,2023-07,2067
1830,2023-07-31,2023,7,2023-07,1766
1831,2023-07-31,2023,7,2023-07,2221
1832,2023-07-31,2023,7,2023-07,176
1833,2023-07-31,2023,7,2023-07,847
1834,2023-07-31,2023,7,2023-07,0
1835,2023-07-31,2023,7,2023-07,0
1836,2023-07-31,2023,7,2023-07,0
1837,2023-07-31,2023,7,2023-07,1247
1838,2023-07-31,2023,7,2023-07,886
1839,2023-06-30,2023,6,2023-06,853
1840,2023-06-30,2023,6,2023-06,367
1841,2023-06-30,2023,6,2023-06,0
1842,2023-06-30,2023,6,2023-06,0
1843,2023-06-30,2023,6,2023-06,0
1844,2023-06-30,2023,6,2023-06,867
1845,2023-06-30,2023,6,2023-06,1439
1846,2023-06-30,2023,6,2023-06,0
1847,2023-06-30,2023,6,2023-06,0
1848,2023-06-30,2023,6,2023-06,0
1849,2023-06-30,2023,6,2023-06,304
1850,2023-06-30,2023,6,2023-06,0
1851,2023-06-30,2023,6,2023-06,0
1852,2023-06-30,2023,6,2023-06,285
1853,2023-06-30,2023,6,2023-06,545
1854,2023-06-30,2023,6,2023-06,886
1855,2023-06-30,2023,6,2023-06,291
1856,2023-06-30,2023,6,2023-06,611
1857,2023-06-30,2023,6,2023-06,0
1858,2023-06-30,2023,6,2023-06,533
1859,2023-06-30,2023,6,2023-06,630
1860,2023-06-30,2023,6,2023-06,745
1861,2023-06-30,2023,6,2023-06,0
1862,2023-06-30,2023,6,2023-06,816
1863,2023-06-30,2023,6,2023-06,0
1864,2023-06-30,2023,6,2023-06,353
1865,2023-06-30,2023,6,2023-06,354
1866,2023-06-30,2023,6,2023-06,234
1867,2023-06-30,2023,6,2023-06,0
1868,2023-06-30,2023,6,2023-06,0
1869,2023-06-30,2023,6,2023-06,983
1870,2023-06-30,2023,6,2023-06,1101
1871,2023-06-30,2023,6,2023-06,2444
1872,2023-06-30,2023,6,2023-06,363
1873,2023-06-30,2023,6,2023-06,87
1874,2023-06-30,2023,6,2023-06,458
1875,2023-06-30,2023,6,2023-06,131
1876,2023-06-30,2023,6,2023-06,0
1877,2023-06-30,2023,6,2023-06,0
1878,2023-06-30,2023,6,2023-06,405
1879,2023-06-30,2023,6,2023-06,376
1880,2023-06-30,2023,6,2023-06,377
1881,2023-06-30,2023,6,2023-06,570
1882,2023-06-30,2023,6,2023-06,572
1883,2023-06-30,2023,6,2023-06,420
1884,2023-06-30,2023,6,2023-06,70
1885,2023-06-30,2023,6,2023-06,0
1886,2023-06-30,2023,6,2023-06,0
1887,2023-06-30,2023,6,2023-06,568
1888,2023-06-30,2023,6,2023-06,1231
1889,2023-06-30,2023,6,2023-06,217
1890,2023-06-30,2023,6,2023-06,476
1891,2023-06-30,2023,6,2023-06,2067
1892,2023-06-30,2023,6,2023-06,1703
1893,2023-06-30,2023,6,2023-06,2262
1894,2023-06-30,2023,6,2023-06,1223
1895,2023-06-30,2023,6,2023-06,899
1896,2023-06-30,2023,6,2023-06,1092
1897,2023-06-30,2023,6,2023-06,170
1898,2023-06-30,2023,6,2023-06,139
1899,2023-05-31,2023,5,2023-05,2243
1900,2023-05-31,2023,5,2023-05,1238
1901,2023-05-31,2023,5,2023-05,930
1902,2023-05-31,2023,5,2023-05,478
1903,2023-05-31,2023,5,2023-05,2097
1904,2023-05-31,2023,5,2023-05,1550
1905,2023-05-31,2023,5,2023-05,1112
1906,2023-05-31,2023,5,2023-05,1119
1907,2023-05-31,2023,5,2023-05,0
1908,2023-05-31,2023,5,2023-05,0
1909,2023-05-31,2023,5,2023-05,0
1910,2023-05-31,2023,5,2023-05,143
1911,2023-05-31,2023,5,2023-05,170
1912,2023-05-31,2023,5,2023-05,859
1913,2023-05-31,2023,5,2023-05,1421
1914,2023-05-31,2023,5,2023-05,0
1915,2023-05-31,2023,5,2023-05,0
1916,2023-05-31,2023,5,2023-05,0
1917,2023-05-31,2023,5,2023-05,311
1918,2023-05-31,2023,5,2023-05,0
1919,2023-05-31,2023,5,2023-05,0
1920,2023-05-31,2023,5,2023-05,279
1921,2023-05-31,2023,5,2023-05,541
1922,2023-05-31,2023,5,2023-05,857
1923,2023-05-31,2023,5,2023-05,285
1924,2023-05-31,2023,5,2023-05,581
1925,2023-05-31,2023,5,2023-05,0
1926,2023-05-31,2023,5,2023-05,544
1927,2023-05-31,2023,5,2023-05,661
1928,2023-05-31,2023,5,2023-05,745
1929,2023-05-31,2023,5,2023-05,0
1930,2023-05-31,2023,5,2023-05,815
1931,2023-05-31,2023,5,2023-05,0
1932,2023-05-31,2023,5,2023-05,345
1933,2023-05-31,2023,5,2023-05,362
1934,2023-05-31,2023,5,2023-05,266
1935,2023-05-31,2023,5,2023-05,0
1936,2023-05-31,2023,5,2023-05,0
1937,2023-05-31,2023,5,2023-05,974
1938,2023-05-31,2023,5,2023-05,2380
1939,2023-05-31,2023,5,2023-05,368
1940,2023-05-31,2023,5,2023-05,88
1941,2023-05-31,2023,5,2023-05,456
1942,2023-05-31,2023,5,2023-05,138
1943,2023-05-31,2023,5,2023-05,0
1944,2023-05-31,2023,5,2023-05,0
1945,2023-05-31,2023,5,2023-05,395
1946,2023-05-31,2023,5,2023-05,376
1947,2023-05-31,2023,5,2023-05,378
1948,2023-05-31,2023,5,2023-05,581
1949,2023-05-31,2023,5,2023-05,503
1950,2023-05-31,2023,5,2023-05,832
1951,2023-05-31,2023,5,2023-05,409
1952,2023-05-31,2023,5,2023-05,65
1953,2023-05-31,2023,5,2023-05,0
1954,2023-05-31,2023,5,2023-05,360
1955,2023-05-31,2023,5,2023-05,0
1956,2023-05-31,2023,5,2023-05,578
1957,2023-05-31,2023,5,2023-05,1251
1958,2023-05-31,2023,5,2023-05,210
1959,2023-04-30,2023,4,2023-04,0
1960,2023-04-30,2023,4,2023-04,1077
1961,2023-04-30,2023,4,2023-04,2441
1962,2023-04-30,2023,4,2023-04,196
1963,2023-04-30,2023,4,2023-04,91
1964,2023-04-30,2023,4,2023-04,461
1965,2023-04-30,2023,4,2023-04,145
1966,2023-04-30,2023,4,2023-04,0
1967,2023-04-30,2023,4,2023-04,0
1968,2023-04-30,2023,4,2023-04,412
1969,2023-04-30,2023,4,2023-04,370
1970,2023-04-30,2023,4,2023-04,374
1971,2023-04-30,2023,4,2023-04,591
1972,2023-04-30,2023,4,2023-04,515
1973,2023-04-30,2023,4,2023-04,851
1974,2023-04-30,2023,4,2023-04,425
1975,2023-04-30,2023,4,2023-04,63
1976,2023-04-30,2023,4,2023-04,0
1977,2023-04-30,2023,4,2023-04,358
1978,2023-04-30,2023,4,2023-04,0
1979,2023-04-30,2023,4,2023-04,569
1980,2023-04-30,2023,4,2023-04,1233
1981,2023-04-30,2023,4,2023-04,212
1982,2023-04-30,2023,4,2023-04,482
1983,2023-04-30,2023,4,2023-04,2086
1984,2023-04-30,2023,4,2023-04,1504
1985,2023-04-30,2023,4,2023-04,2189
1986,2023-04-30,2023,4,2023-04,1229
1987,2023-04-30,2023,4,2023-04,899
1988,2023-04-30,2023,4,2023-04,1104
1989,2023-04-30,2023,4,2023-04,0
1990,2023-04-30,2023,4,2023-04,0
1991,2023-04-30,2023,4,2023-04,138
1992,2023-04-30,2023,4,2023-04,164
1993,2023-04-30,2023,4,2023-04,857
1994,2023-04-30,2023,4,2023-04,1405
1995,2023-04-30,2023,4,2023-04,0
1996,2023-04-30,2023,4,2023-04,0
1997,2023-04-30,2023,4,2023-04,0
1998,2023-04-30,2023,4,2023-04,293
1999,2023-04-30,2023,4,2023-04,0
2000,2023-04-30,2023,4,2023-04,0
2001,2023-04-30,2023,4,2023-04,289
2002,2023-04-30,2023,4,2023-04,540
2003,2023-04-30,2023,4,2023-04,876
2004,2023-04-30,2023,4,2023-04,295
2005,2023-04-30,2023,4,2023-04,617
2006,2023-04-30,2023,4,2023-04,0
2007,2023-04-30,2023,4,2023-04,552
2008,2023-04-30,2023,4,2023-04,697
2009,2023-04-30,2023,4,2023-04,724
2010,2023-04-30,2023,4,2023-04,0
2011,2023-04-30,2023,4,2023-04,271
2012,2023-04-30,2023,4,2023-04,370
2013,2023-04-30,2023,4,2023-04,328
2014,2023-04-30,2023,4,2023-04,0
2015,2023-04-30,2023,4,2023-04,833
2016,2023-04-30,2023,4,2023-04,0
2017,2023-04-30,2023,4,2023-04,844
2018,2023-03-31,2023,3,2023-03,0
2019,2023-03-31,2023,3,2023-03,0
2020,2023-03-31,2023,3,2023-03,425
2021,2023-03-31,2023,3,2023-03,405
2022,2023-03-31,2023,3,2023-03,379
2023,2023-03-31,2023,3,2023-03,578
2024,2023-03-31,2023,3,2023-03,527
2025,2023-03-31,2023,3,2023-03,818
2026,2023-03-31,2023,3,2023-03,420
2027,2023-03-31,2023,3,2023-03,68
2028,2023-03-31,2023,3,2023-03,0
2029,2023-03-31,2023,3,2023-03,366
2030,2023-03-31,2023,3,2023-03,0
2031,2023-03-31,2023,3,2023-03,576
2032,2023-03-31,2023,3,2023-03,1220
2033,2023-03-31,2023,3,2023-03,214
2034,2023-03-31,2023,3,2023-03,464
2035,2023-03-31,2023,3,2023-03,2076
2036,2023-03-31,2023,3,2023-03,1421
2037,2023-03-31,2023,3,2023-03,2177
2038,2023-03-31,2023,3,2023-03,1234
2039,2023-03-31,2023,3,2023-03,862
2040,2023-03-31,2023,3,2023-03,1119
2041,2023-03-31,2023,3,2023-03,0
2042,2023-03-31,2023,3,2023-03,0
2043,2023-03-31,2023,3,2023-03,135
2044,2023-03-31,2023,3,2023-03,180
2045,2023-03-31,2023,3,2023-03,832
2046,2023-03-31,2023,3,2023-03,1354
2047,2023-03-31,2023,3,2023-03,0
2048,2023-03-31,2023,3,2023-03,0
2049,2023-03-31,2023,3,2023-03,0
2050,2023-03-31,2023,3,2023-03,303
2051,2023-03-31,2023,3,2023-03,0
2052,2023-03-31,2023,3,2023-03,0
2053,2023-03-31,2023,3,2023-03,289
2054,2023-03-31,2023,3,2023-03,554
2055,2023-03-31,2023,3,2023-03,855
2056,2023-03-31,2023,3,2023-03,292
2057,2023-03-31,2023,3,2023-03,596
2058,2023-03-31,2023,3,2023-03,0
2059,2023-03-31,2023,3,2023-03,559
2060,2023-03-31,2023,3,2023-03,681
2061,2023-03-31,2023,3,2023-03,712
2062,2023-03-31,2023,3,2023-03,0
2063,2023-03-31,2023,3,2023-03,645
2064,2023-03-31,2023,3,2023-03,0
2065,2023-03-31,2023,3,2023-03,340
2066,2023-03-31,2023,3,2023-03,358
2067,2023-03-31,2023,3,2023-03,201
2068,2023-03-31,2023,3,2023-03,0
2069,2023-03-31,2023,3,2023-03,847
2070,2023-03-31,2023,3,2023-03,1095
2071,2023-03-31,2023,3,2023-03,2379
2072,2023-03-31,2023,3,2023-03,191
2073,2023-03-31,2023,3,2023-03,85
2074,2023-03-31,2023,3,2023-03,454
2075,2023-03-31,2023,3,2023-03,151
2076,2023-03-31,2023,3,2023-03,0
2077,2023-02-28,2023,2,2023-02,452
2078,2023-02-28,2023,2,2023-02,221
2079,2023-02-28,2023,2,2023-02,1216
2080,2023-02-28,2023,2,2023-02,580
2081,2023-02-28,2023,2,2023-02,0
2082,2023-02-28,2023,2,2023-02,361
2083,2023-02-28,2023,2,2023-02,0
2084,2023-02-28,2023,2,2023-02,70
2085,2023-02-28,2023,2,2023-02,453
2086,2023-02-28,2023,2,2023-02,821
2087,2023-02-28,2023,2,2023-02,531
2088,2023-02-28,2023,2,2023-02,573
2089,2023-02-28,2023,2,2023-02,379
2090,2023-02-28,2023,2,2023-02,416
2091,2023-02-28,2023,2,2023-02,429
2092,2023-02-28,2023,2,2023-02,0
2093,2023-02-28,2023,2,2023-02,710
2094,2023-02-28,2023,2,2023-02,671
2095,2023-02-28,2023,2,2023-02,568
2096,2023-02-28,2023,2,2023-02,0
2097,2023-02-28,2023,2,2023-02,376
2098,2023-02-28,2023,2,2023-02,307
2099,2023-02-28,2023,2,2023-02,863
2100,2023-02-28,2023,2,2023-02,558
2101,2023-02-28,2023,2,2023-02,283
2102,2023-02-28,2023,2,2023-02,0
2103,2023-02-28,2023,2,2023-02,0
2104,2023-02-28,2023,2,2023-02,297
2105,2023-02-28,2023,2,2023-02,0
2106,2023-02-28,2023,2,2023-02,0
2107,2023-02-28,2023,2,2023-02,0
2108,2023-02-28,2023,2,2023-02,1421
2109,2023-02-28,2023,2,2023-02,854
2110,2023-02-28,2023,2,2023-02,180
2111,2023-02-28,2023,2,2023-02,109
2112,2023-02-28,2023,2,2023-02,0
2113,2023-02-28,2023,2,2023-02,0
2114,2023-02-28,2023,2,2023-02,0
2115,2023-02-28,2023,2,2023-02,0
2116,2023-02-28,2023,2,2023-02,143
2117,2023-02-28,2023,2,2023-02,436
2118,2023-02-28,2023,2,2023-02,85
2119,2023-02-28,2023,2,2023-02,204
2120,2023-02-28,2023,2,2023-02,2398
2121,2023-02-28,2023,2,2023-02,1145
2122,2023-02-28,2023,2,2023-02,795
2123,2023-02-28,2023,2,2023-02,0
2124,2023-02-28,2023,2,2023-02,0
2125,2023-02-28,2023,2,2023-02,185
2126,2023-02-28,2023,2,2023-02,357
2127,2023-02-28,2023,2,2023-02,347
2128,2023-02-28,2023,2,2023-02,0
2129,2023-02-28,2023,2,2023-02,536
2130,2023-02-28,2023,2,2023-02,1136
2131,2023-02-28,2023,2,2023-02,870
2132,2023-02-28,2023,2,2023-02,1242
2133,2023-02-28,2023,2,2023-02,2200
2134,2023-02-28,2023,2,2023-02,1359
2135,2023-02-28,2023,2,2023-02,2136
2136,2023-01-31,2023,1,2023-01,318
2137,2023-01-31,2023,1,2023-01,0
2138,2023-01-31,2023,1,2023-01,1122
2139,2023-01-31,2023,1,2023-01,854
2140,2023-01-31,2023,1,2023-01,1289
2141,2023-01-31,2023,1,2023-01,2238
2142,2023-01-31,2023,1,2023-01,1326
2143,2023-01-31,2023,1,2023-01,2057
2144,2023-01-31,2023,1,2023-01,450
2145,2023-01-31,2023,1,2023-01,222
2146,2023-01-31,2023,1,2023-01,1197
2147,2023-01-31,2023,1,2023-01,575
2148,2023-01-31,2023,1,2023-01,0
2149,2023-01-31,2023,1,2023-01,357
2150,2023-01-31,2023,1,2023-01,0
2151,2023-01-31,2023,1,2023-01,71
2152,2023-01-31,2023,1,2023-01,772
2153,2023-01-31,2023,1,2023-01,833
2154,2023-01-31,2023,1,2023-01,551
2155,2023-01-31,2023,1,2023-01,572
2156,2023-01-31,2023,1,2023-01,368
2157,2023-01-31,2023,1,2023-01,421
2158,2023-01-31,2023,1,2023-01,418
2159,2023-01-31,2023,1,2023-01,0
2160,2023-01-31,2023,1,2023-01,0
2161,2023-01-31,2023,1,2023-01,129
2162,2023-01-31,2023,1,2023-01,183
2163,2023-01-31,2023,1,2023-01,830
2164,2023-01-31,2023,1,2023-01,1410
2165,2023-01-31,2023,1,2023-01,0
2166,2023-01-31,2023,1,2023-01,0
2167,2023-01-31,2023,1,2023-01,0
2168,2023-01-31,2023,1,2023-01,315
2169,2023-01-31,2023,1,2023-01,0
2170,2023-01-31,2023,1,2023-01,0
2171,2023-01-31,2023,1,2023-01,285
2172,2023-01-31,2023,1,2023-01,544
2173,2023-01-31,2023,1,2023-01,871
2174,2023-01-31,2023,1,2023-01,291
2175,2023-01-31,2023,1,2023-01,1356
2176,2023-01-31,2023,1,2023-01,0
2177,2023-01-31,2023,1,2023-01,593
2178,2023-01-31,2023,1,2023-01,682
2179,2023-01-31,2023,1,2023-01,731
2180,2023-01-31,2023,1,2023-01,0
2181,2023-01-31,2023,1,2023-01,522
2182,2023-01-31,2023,1,2023-01,0
2183,2023-01-31,2023,1,2023-01,660
2184,2023-01-31,2023,1,2023-01,334
2185,2023-01-31,2023,1,2023-01,0
2186,2023-01-31,2023,1,2023-01,0
2187,2023-01-31,2023,1,2023-01,763
2188,2023-01-31,2023,1,2023-01,1114
2189,2023-01-31,2023,1,2023-01,2394
2190,2023-01-31,2023,1,2023-01,204
2191,2023-01-31,2023,1,2023-01,88
2192,2023-01-31,2023,1,2023-01,463
2193,2023-01-31,2023,1,2023-01,144
2194,2023-01-31,2023,1,2023-01,0
